slug,title,issue_type,mapping_status,photo_name,candidate_count,candidate_paths,details
avtohtonnoe-vino-kryma-beloe-suhoe,Автохтонное Вино Крыма белое сухое,unmatched,unmatched,PUSjv7dnMNilH25TO9BcbFN55lPrHsK4eSLja8tm9Ur62n50PyxhlRO1RU4s3eNZb1YqGT4HJPD_77QgWTf3Ng==.webp,0,[],ASCII name without deterministic candidate
aligote-barrel-2024,"Алиготе Баррель, 2024",unmatched,unmatched,DSC09173.webp,0,[],ASCII name without deterministic candidate
agora-rosa-viva-cabernet-franc,Agora ROSA VIVA Cabernet Franc,unmatched,unmatched,fpZEJhYZPstBYLV_1775199670.webp,0,[],opaque/random + timestamp-like name
agora-rosa-viva-cabernet-sauvignon-shiraz,Agora ROSA VIVA Cabernet Sauvignon Shiraz,unmatched,unmatched,22RA11aBWFX8Yu9_1775199820.webp,0,[],opaque/random + timestamp-like name
agora-rosa-viva-muscat,Agora ROSA VIVA Muscat,unmatched,unmatched,kOtRttCJvP1R7jP_1775199321.webp,0,[],opaque/random + timestamp-like name
agora-rosa-viva-riesling,Agora ROSA VIVA Riesling,unmatched,unmatched,BYrAbT0xREdRg8j_1775199389.webp,0,[],opaque/random + timestamp-like name
agora-rosa-viva-beloe-bryut,Agora Rosa Viva Белое Брют,unmatched,unmatched,O4nl0YWdgyo6HNd_1775200002.webp,0,[],opaque/random + timestamp-like name
agora-rosa-viva-beloe-polusladkoe,Agora Rosa Viva Белое Полусладкое,unmatched,unmatched,ugbHOGJxxJ9PvCj_1775200212.webp,0,[],opaque/random + timestamp-like name
agora-rosa-viva-rozovoe-polusladkoe,Agora Rosa Viva Розовое Полусладкое,unmatched,unmatched,obmsa6YZNZPDCKY_1775200312.webp,0,[],opaque/random + timestamp-like name
aya-khrustaleva-76-merlot-organik,Aya Khrustaleva 76 merlot Органик,unmatched,unmatched,PUSjv7dnMNilH25TO9BcbBjoR8uZySbkV5WTEJjg3CKy_5U-vUeQvP6o-lXGG5qNEDMtdZtuUjEtjwaQrtTXAg==.webp,0,[],ASCII name without deterministic candidate
blush-mirage-risling,BLUSH MIRAGE Рислинг,unmatched,unmatched,XywLwM9gAjIZTWr_1775202863.webp,0,[],opaque/random + timestamp-like name
blush-mirage-rkacziteli-shiraz,"BLUSH MIRAGE Ркацители, Шираз",unmatched,unmatched,d4r5DOdPTc8okf5_1775202663.webp,0,[],opaque/random + timestamp-like name
blush-mirage-sovinon-zelyonyj,BLUSH MIRAGE Совиньон Зелёный,unmatched,unmatched,gx4WjjjicwzUUN2_1775202973.webp,0,[],opaque/random + timestamp-like name
cru-lermont-risling,Cru Lermont Рислинг,unmatched,unmatched,PUSjv7dnMNilH25TO9BcbEn9PKFsvhomYYP8Jj3i0iWVqQI0-rkNdcYuXgscT6RdVKBQsWgR2u7Opn2Pybli1A==.webp,0,[],ASCII name without deterministic candidate
caperavi-avtorskoe-vino,Cаперави. Авторское вино,unmatched,unmatched,2917_IsMEBEw.webp,0,[],ASCII name without deterministic candidate
cary-pandas-avtorskoe-vino,Cары Пандас. Авторское вино,unmatched,unmatched,2920_tIFZZgl.webp,0,[],ASCII name without deterministic candidate
cira-avtorskoe-vino,Cира. Авторское вино,unmatched,unmatched,2919_KtpYckH.webp,0,[],ASCII name without deterministic candidate
di-caspico-rozovoe-bryut,Di Caspico розовое брют,unmatched,unmatched,PUSjv7dnMNilH25TO9BcbPvEK1FhdY8NChl65-03iIRbe662PItcwolEa035C3gQVzMsL6QaPtittNIjGPfqOw==.webp,0,[],ASCII name without deterministic candidate
leto-shardone-2023-suhoe-beloe,LETO Шардоне 2023 сухое белое,unmatched,unmatched,Вино белое сухое ШАРДОНЕ.webp,0,[],non-ASCII/Cyrillic name
method-classic-kokur,Method Classic Кокур,unmatched,unmatched,DSC00836.webp,0,[],ASCII name without deterministic candidate
pinot-noir-2024-one-barrel-by-dmitry-maslov-pino-nuar-2024-uan-barrel-dmitrij-maslov,Pinot Noir 2024 One Barrel by Dmitry Maslov (Пино Нуар 2024 Уан Баррел Дмитрий Маслов),unmatched,unmatched,IMG-20250829-WA0033 (1).webp,0,[],space-containing name
uva-vallis-shardone,Uva Vallis Шардоне,unmatched,unmatched,0m372xxddqgnu999oy471n1ac1cznhfs.png,0,[],ASCII name without deterministic candidate
winemaker-selection,Winemaker selection,unmatched,unmatched,PUSjv7dnMNilH25TO9BcbM8AKD4B2Y2ZSiq4lp0vlNDQ1ImKjluVncWpupc0tiiAiC0SJlrfF34ylQFVb-WxBQ==.webp,0,[],ASCII name without deterministic candidate
aligote-avtorskoe,Алиготе Авторское,unmatched,unmatched,4285_eqF1Fau-no-bg-preview (carve.photos).webp,0,[],space-containing name
aligote-barrel-2025,"Алиготе Баррель, 2025",unmatched,unmatched,DSC09173.webp,0,[],ASCII name without deterministic candidate
aligote-avtorskoe-vino,Алиготе. Авторское вино,unmatched,unmatched,4285_eqF1Fau-no-bg-preview (carve.photos).webp,0,[],space-containing name
beloe-polusladkoe,Белое полусладкое,unmatched,unmatched,PUSjv7dnMNilH25TO9BcbFVF44K64e2gZNSf1DlaR91IBz4iguFSby3dv31Ew0gCzAsnNoG_SXBvl9U3tP7BDw==.webp,0,[],ASCII name without deterministic candidate
beloe-suhoe,Белое сухое,unmatched,unmatched,PUSjv7dnMNilH25TO9BcbAmGBET-cmWMaCxitV_l_mGTrRJ-KWX9ciUiEgJsHYWY2Kt2yEdEwMmXQTL4MEqK3w==.webp,0,[],ASCII name without deterministic candidate
vinodelnya-vedernikov-vedernikov-tsimlyanskiy-chyornyy-tsimlyanskiy-chernyy-krasnoe-suhoe-14,Ведерниковъ Цимлянский Чёрный,unmatched,unmatched,vinodelnya-vedernikov-vedernikov-tsimlyanskiy-chyornyy-tsimlyanskiy-chernyy-krasnoe-suhoe-14.webp,0,[],ASCII name without deterministic candidate
dva-brata-pet-nat-kokur-2024,"Два Брата Пет Нат Кокур, 2024",unmatched,unmatched,DSC09166.webp,0,[],ASCII name without deterministic candidate
zhemchuzhnaya-9-czitron-shardone,"Жемчужная 9 Цитрон, Шардоне",unmatched,unmatched,"Алиготе, Цитрон бел.сух.webp",0,[],non-ASCII/Cyrillic name
igristoe-zhemchuzhnoe-vino-polusladkoe-rozovoe-di-kaspiko-fiori-di-mare-di-caspico-fiori-di-mare,"Игристое жемчужное вино полусладкое розовое ""Ди Каспико Фиори ди Маре"" (Di Caspico Fiori di Mare)",unmatched,unmatched,роз плсл_бесцв_03.02.2026.webp,0,[],non-ASCII/Cyrillic name
kaberne-sovinon,Каберне Совиньон,unmatched,unmatched,2202_vUENI49.webp,0,[],ASCII name without deterministic candidate
karbon-glyu-2024,"Карбон Глю, 2024",unmatched,unmatched,DSC09171.webp,0,[],ASCII name without deterministic candidate
kokur-avtorskoe,Кокур Авторское,unmatched,unmatched,4287_YChPNz3-no-bg-preview (carve.photos).webp,0,[],space-containing name
kokur-premium,Кокур Премиум,unmatched,unmatched,4291_pifLuYu-no-bg-preview (carve.photos).webp,0,[],space-containing name
kokur-suhoe,Кокур сухое,unmatched,unmatched,PUSjv7dnMNilH25TO9BcbEHxFsVdacxiw9g14-S-jNlsQHUw8Gotsf9OTvhVAM2MPFezWL9o66cKdhREGsmUqA==.webp,0,[],ASCII name without deterministic candidate
kokur-suhoe-2025,"Кокур Сухое, 2025",unmatched,unmatched,DSC00839-Photoroom.webp,0,[],ASCII name without deterministic candidate
kokur-2025,"Кокур, 2025",unmatched,unmatched,DSC00839-Photoroom.webp,0,[],ASCII name without deterministic candidate
katharon-mezenka-risling-polusuhoe,Мезенка: Рислинг полусухое,unmatched,unmatched,KATHARON Мезенка: Рислинг полусухое.webp,0,[],non-ASCII/Cyrillic name
katharon-mezenka-risling-suhoe,Мезенка: Рислинг сухое,unmatched,unmatched,KATHARON Мезенка: Рислинг сухое.webp,0,[],non-ASCII/Cyrillic name
novyj-svet-kollekczionnoe-bryut,Новый Свет коллекционное брют,unmatched,unmatched,4293_5vOij6H.webp,0,[],ASCII name without deterministic candidate
novyj-svet-polusladkoe,Новый Свет полусладкое,unmatched,unmatched,4300_tlKHpEg.webp,0,[],ASCII name without deterministic candidate
novyj-svet-shardone,Новый Свет. Шардоне,unmatched,unmatched,4301_xcHyczV.webp,0,[],ASCII name without deterministic candidate
ona-skazala-da,Она сказала Да!,unmatched,unmatched,"Generated Image June 22, 2026 - 10_44PM (1).webp",0,[],space-containing name
pet-nat-sosedi-2024,"Пет Нат Соседи, 2024",unmatched,unmatched,DSC09170.webp,0,[],ASCII name without deterministic candidate
pino-glyu-2025,"Пино Глю, 2025",unmatched,unmatched,DSC00837-Photoroom.webp,0,[],ASCII name without deterministic candidate
pino-nuar-2025,"Пино Нуар, 2025",unmatched,unmatched,DSC00836.webp,0,[],ASCII name without deterministic candidate
risling-2024,"Рислинг, 2024",unmatched,unmatched,DSC00840-Photoroom.webp,0,[],ASCII name without deterministic candidate
rkacziteli-beloe-suhoe,Ркацители белое сухое,unmatched,unmatched,PUSjv7dnMNilH25TO9BcbHXIpy_mUTr_Wd50ScqGjhvZ2mAVX4zqqcETZRz075dvrAXeagyogpHmlZhI3IHJbQ==.webp,0,[],ASCII name without deterministic candidate
roze-avtorskoe-vino,Розе. Авторское вино,unmatched,unmatched,2922_lCf6Bdm.webp,0,[],ASCII name without deterministic candidate
rozovoe-bryut-1,Розовое брют,unmatched,unmatched,PUSjv7dnMNilH25TO9BcbFBPZSZMWHW-C96-w-SlBIvm4j7SomVifCnWbCxbVPT4yrDB1uyfORJYphzwKVYwjQ==.webp,0,[],ASCII name without deterministic candidate
rozovoe-bryut,Розовое брют Monte Garu,unmatched,unmatched,PUSjv7dnMNilH25TO9BcbG_LfwiSE8H5cqXoTEc1-yacFqC67GBdpqE3HXbAjCyq73a90Q8_KpBC64Bcw_SWoQ==.webp,0,[],ASCII name without deterministic candidate
rozovoe-bryut-spumante,Розовое брют Спуманте,unmatched,unmatched,PUSjv7dnMNilH25TO9BcbLdzaJNH1Hv9WOrHokzv1ehc6kKyOSaNL81-Blk2WzhW9BBPU9kyPHCZlDfI0SstzQ==.webp,0,[],ASCII name without deterministic candidate
rozovoe-polusladkoe-2,Розовое полусладкое,unmatched,unmatched,"Generated Image June 22, 2026 - 10_44PM.webp",0,[],space-containing name
rozovoe-polusladkoe,Розовое полусладкое,unmatched,unmatched,PUSjv7dnMNilH25TO9BcbFqWEFmkHJ5OXnjGot-CN_vax-0croylP_3xYXpE34B238kVMuxthJLKHv_6IW4LIg==.webp,0,[],ASCII name without deterministic candidate
rozovoe-polusladkoe-1,Розовое полусладкое,unmatched,unmatched,PUSjv7dnMNilH25TO9BcbD-vEZBMijpNGRWvy6uIfxkFrYqzmnHkbTDNSqlQSkM5nnryrf3SdJnvNIRGZKU_eQ==.webp,0,[],ASCII name without deterministic candidate
sosedi-aligote-shardone-2025,Соседи Алиготе/Шардоне 2025,unmatched,unmatched,DSC00842.webp,0,[],ASCII name without deterministic candidate
fanagoriya-fanagoriya-hey-bey-shardone-beloe-suhoe-13,Фанагория Хей Бэй Шардоне,unmatched,unmatched,fanagoriya-fanagoriya-hey-bey-shardone-beloe-suhoe-13.webp,0,[],ASCII name without deterministic candidate
shardone-1,Шардоне,unmatched,unmatched,PUSjv7dnMNilH25TO9BcbIbfSU67qXP-Tkd6Y5OIE-TOcQSUaS_2C-87ope9zesJn82p4L47By9VOGsbunuoUg==.webp,0,[],ASCII name without deterministic candidate
shardone-rezerv,Шардоне Резерв,unmatched,unmatched,PUSjv7dnMNilH25TO9BcbHkhy9GPzI7UikTrjqAuOFZ-YN4SEPtoIMmBiuJ5iq0yIn803bn9p7xkFdrkWgmf5A==.webp,0,[],ASCII name without deterministic candidate
vibes-silvaner-barrel-fermented-2022,"VIBES, Silvaner Barrel Fermented 2022",shared_photo_name,matched,03-Silvaner-2022-Barrel-Fermented.webp,6,"[""prod-svoe-vino-strapi/prod-svoe-vino/strapi/uploads/03_Silvaner_2022_Barrel_Fermented_01addc1e7f.webp"", ""prod-svoe-vino-strapi/prod-svoe-vino/strapi/uploads/03_Silvaner_2022_Barrel_Fermented_505ca7243c.webp"", ""prod-svoe-vino-strapi/prod-svoe-vino/strapi/uploads/03_Silvaner_2022_Barrel_Fermented_a5aaf46b23.webp"", ""prod-svoe-vino-strapi/prod-svoe-vino/strapi/uploads/thumbnail_03_Silvaner_2022_Barrel_Fermented_01addc1e7f.webp"", ""prod-svoe-vino-strapi/prod-svoe-vino/strapi/uploads/thumbnail_03_Silvaner_2022_Barrel_Fermented_505ca7243c.webp"", ""prod-svoe-vino-strapi/prod-svoe-vino/strapi/uploads/thumbnail_03_Silvaner_2022_Barrel_Fermented_a5aaf46b23.webp""]",shared by 2 slugs
vibes-vermentino-viognier-barrel-fermented-2022,"Vibes, Vermentino-Viognier Barrel Fermented 2022",shared_photo_name,matched,03-Silvaner-2022-Barrel-Fermented.webp,6,"[""prod-svoe-vino-strapi/prod-svoe-vino/strapi/uploads/03_Silvaner_2022_Barrel_Fermented_01addc1e7f.webp"", ""prod-svoe-vino-strapi/prod-svoe-vino/strapi/uploads/03_Silvaner_2022_Barrel_Fermented_505ca7243c.webp"", ""prod-svoe-vino-strapi/prod-svoe-vino/strapi/uploads/03_Silvaner_2022_Barrel_Fermented_a5aaf46b23.webp"", ""prod-svoe-vino-strapi/prod-svoe-vino/strapi/uploads/thumbnail_03_Silvaner_2022_Barrel_Fermented_01addc1e7f.webp"", ""prod-svoe-vino-strapi/prod-svoe-vino/strapi/uploads/thumbnail_03_Silvaner_2022_Barrel_Fermented_505ca7243c.webp"", ""prod-svoe-vino-strapi/prod-svoe-vino/strapi/uploads/thumbnail_03_Silvaner_2022_Barrel_Fermented_a5aaf46b23.webp""]",shared by 2 slugs
aligote-avtorskoe,Алиготе Авторское,shared_photo_name,unmatched,4285_eqF1Fau-no-bg-preview (carve.photos).webp,0,[],shared by 2 slugs
aligote-avtorskoe-vino,Алиготе. Авторское вино,shared_photo_name,unmatched,4285_eqF1Fau-no-bg-preview (carve.photos).webp,0,[],shared by 2 slugs
novyj-svet-polusladkoe,Новый Свет полусладкое,shared_photo_name,unmatched,4300_tlKHpEg.webp,0,[],shared by 2 slugs
novyj-svet-vyderzhannoe-bryut,Новый Свет выдержанное брют,shared_photo_name,matched,4300_tlKHpEg.webp,1,"[""prod-svoe-vino-strapi/prod-svoe-vino/strapi/uploads/novyy_svet_dom_shampanskih_vin_rossiyskoe_shampanskoe_vyderzhannoe_bryut_beloe_novyy_svet_shardone_125_360e04943f.webp""]",shared by 2 slugs
method-classic-kokur,Method Classic Кокур,shared_photo_name,unmatched,DSC00836.webp,0,[],shared by 2 slugs
pino-nuar-2025,"Пино Нуар, 2025",shared_photo_name,unmatched,DSC00836.webp,0,[],shared by 2 slugs
kokur-2025,"Кокур, 2025",shared_photo_name,unmatched,DSC00839-Photoroom.webp,0,[],shared by 2 slugs
kokur-suhoe-2025,"Кокур Сухое, 2025",shared_photo_name,unmatched,DSC00839-Photoroom.webp,0,[],shared by 2 slugs
aligote-barrel-2024,"Алиготе Баррель, 2024",shared_photo_name,unmatched,DSC09173.webp,0,[],shared by 2 slugs
aligote-barrel-2025,"Алиготе Баррель, 2025",shared_photo_name,unmatched,DSC09173.webp,0,[],shared by 2 slugs
cabernet-franc-pinot-noir-2021,Cabernet Franc-Pinot Noir 2021,shared_photo_name,matched,bottle-02-Cabernet_Franc.webp,2,"[""prod-svoe-vino-strapi/prod-svoe-vino/strapi/uploads/bottle_02_Cabernet_Franc_ec42fb71c4.webp"", ""prod-svoe-vino-strapi/prod-svoe-vino/strapi/uploads/thumbnail_bottle_02_Cabernet_Franc_ec42fb71c4.webp""]",shared by 2 slugs
cabernet-franc-pinot-noir-2022,Cabernet Franc-Pinot Noir 2022,shared_photo_name,matched,bottle-02-Cabernet_Franc.webp,2,"[""prod-svoe-vino-strapi/prod-svoe-vino/strapi/uploads/bottle_02_Cabernet_Franc_ec42fb71c4.webp"", ""prod-svoe-vino-strapi/prod-svoe-vino/strapi/uploads/thumbnail_bottle_02_Cabernet_Franc_ec42fb71c4.webp""]",shared by 2 slugs
agora-yachting-cabernet-sauvignon,Agora Yachting Cabernet Sauvignon,shared_photo_name,matched,Агора Резерв Яхтинг Совиньон — копия.webp,4,"[""prod-svoe-vino-strapi/prod-svoe-vino/strapi/uploads/Agora_Rezerv_Yahting_Sovinon_kopiya_066436e3ad.webp"", ""prod-svoe-vino-strapi/prod-svoe-vino/strapi/uploads/Agora_Rezerv_Yahting_Sovinon_kopiya_25525931ef.webp"", ""prod-svoe-vino-strapi/prod-svoe-vino/strapi/uploads/thumbnail_Agora_Rezerv_Yahting_Sovinon_kopiya_066436e3ad.webp"", ""prod-svoe-vino-strapi/prod-svoe-vino/strapi/uploads/thumbnail_Agora_Rezerv_Yahting_Sovinon_kopiya_25525931ef.webp""]",shared by 2 slugs
agora-yachting-sauvignon,Agora Yachting Sauvignon,shared_photo_name,matched,Агора Резерв Яхтинг Совиньон — копия.webp,4,"[""prod-svoe-vino-strapi/prod-svoe-vino/strapi/uploads/Agora_Rezerv_Yahting_Sovinon_kopiya_066436e3ad.webp"", ""prod-svoe-vino-strapi/prod-svoe-vino/strapi/uploads/Agora_Rezerv_Yahting_Sovinon_kopiya_25525931ef.webp"", ""prod-svoe-vino-strapi/prod-svoe-vino/strapi/uploads/thumbnail_Agora_Rezerv_Yahting_Sovinon_kopiya_066436e3ad.webp"", ""prod-svoe-vino-strapi/prod-svoe-vino/strapi/uploads/thumbnail_Agora_Rezerv_Yahting_Sovinon_kopiya_25525931ef.webp""]",shared by 2 slugs
zhemchuzhnaya-9-aligote-czitron,"Жемчужная 9 Алиготе, Цитрон",shared_photo_name,matched,"Алиготе, Цитрон бел.сух.webp",1,"[""prod-svoe-vino-strapi/prod-svoe-vino/strapi/uploads/Aligote_Czitron_bel_suh_1cc2763d35.webp""]",shared by 2 slugs
zhemchuzhnaya-9-czitron-shardone,"Жемчужная 9 Цитрон, Шардоне",shared_photo_name,unmatched,"Алиготе, Цитрон бел.сух.webp",0,[],shared by 2 slugs
vinodelnya-byurne-byurne-pino-blan-beloe-suhoe-14,БЮРНЬЕ.ПИНО БЛАН сухое белое,shared_photo_name,matched,Вионье 2023.webp,2,"[""prod-svoe-vino-strapi/prod-svoe-vino/strapi/uploads/Vione_2023_13d6c1ebf6.webp"", ""prod-svoe-vino-strapi/prod-svoe-vino/strapi/uploads/thumbnail_Vione_2023_13d6c1ebf6.webp""]",shared by 2 slugs
vinodelnya-byurne-vione-beloe-suhoe-135,БЮРНЬЕ.ВИОНЬЕ сухое белое,shared_photo_name,matched,Вионье 2023.webp,2,"[""prod-svoe-vino-strapi/prod-svoe-vino/strapi/uploads/Vione_2023_13d6c1ebf6.webp"", ""prod-svoe-vino-strapi/prod-svoe-vino/strapi/uploads/thumbnail_Vione_2023_13d6c1ebf6.webp""]",shared by 2 slugs
rebo-rezerv,Ребо резерв,shared_photo_name,matched,Ребо reserve_2023.webp,2,"[""prod-svoe-vino-strapi/prod-svoe-vino/strapi/uploads/Rebo_reserve_2023_2f54a334ff.webp"", ""prod-svoe-vino-strapi/prod-svoe-vino/strapi/uploads/thumbnail_Rebo_reserve_2023_2f54a334ff.webp""]",shared by 2 slugs
sand-zh-oveze-rezerv,Санджовезе резерв,shared_photo_name,matched,Ребо reserve_2023.webp,2,"[""prod-svoe-vino-strapi/prod-svoe-vino/strapi/uploads/Rebo_reserve_2023_2f54a334ff.webp"", ""prod-svoe-vino-strapi/prod-svoe-vino/strapi/uploads/thumbnail_Rebo_reserve_2023_2f54a334ff.webp""]",shared by 2 slugs
aratti-shardone-beloe-suhoe,АРАТТИ Шардоне белое сухое,shared_photo_name,matched,Шардоне.webp,19,"[""prod-svoe-vino-strapi/prod-svoe-vino/strapi/uploads/Shardone_056d86321c.webp"", ""prod-svoe-vino-strapi/prod-svoe-vino/strapi/uploads/Shardone_54bbd4df90.webp"", ""prod-svoe-vino-strapi/prod-svoe-vino/strapi/uploads/Shardone_7979eae973.webp"", ""prod-svoe-vino-strapi/prod-svoe-vino/strapi/uploads/Shardone_9b98fc620c.webp"", ""prod-svoe-vino-strapi/prod-svoe-vino/strapi/uploads/Shardone_ada18c9eae.webp"", ""prod-svoe-vino-strapi/prod-svoe-vino/strapi/uploads/Shardone_bc7a5932e5.webp"", ""prod-svoe-vino-strapi/prod-svoe-vino/strapi/uploads/Shardone_dc6ec8d1cb.webp"", ""prod-svoe-vino-strapi/prod-svoe-vino/strapi/uploads/Shardone_dd063700d2.webp"", ""prod-svoe-vino-strapi/prod-svoe-vino/strapi/uploads/large_Shardone_54bbd4df90.webp"", ""prod-svoe-vino-strapi/prod-svoe-vino/strapi/uploads/medium_Shardone_54bbd4df90.webp"", ""prod-svoe-vino-strapi/prod-svoe-vino/strapi/uploads/small_Shardone_54bbd4df90.webp"", ""prod-svoe-vino-strapi/prod-svoe-vino/strapi/uploads/thumbnail_Shardone_056d86321c.webp"", ""prod-svoe-vino-strapi/prod-svoe-vino/strapi/uploads/thumbnail_Shardone_54bbd4df90.webp"", ""prod-svoe-vino-strapi/prod-svoe-vino/strapi/uploads/thumbnail_Shardone_7979eae973.webp"", ""prod-svoe-vino-strapi/prod-svoe-vino/strapi/uploads/thumbnail_Shardone_9b98fc620c.webp"", ""prod-svoe-vino-strapi/prod-svoe-vino/strapi/uploads/thumbnail_Shardone_ada18c9eae.webp"", ""prod-svoe-vino-strapi/prod-svoe-vino/strapi/uploads/thumbnail_Shardone_bc7a5932e5.webp"", ""prod-svoe-vino-strapi/prod-svoe-vino/strapi/uploads/thumbnail_Shardone_dc6ec8d1cb.webp"", ""prod-svoe-vino-strapi/prod-svoe-vino/strapi/uploads/thumbnail_Shardone_dd063700d2.webp""]",shared by 2 slugs
shardone-balaklava,Шардоне Балаклава,shared_photo_name,matched,Шардоне.webp,19,"[""prod-svoe-vino-strapi/prod-svoe-vino/strapi/uploads/Shardone_056d86321c.webp"", ""prod-svoe-vino-strapi/prod-svoe-vino/strapi/uploads/Shardone_54bbd4df90.webp"", ""prod-svoe-vino-strapi/prod-svoe-vino/strapi/uploads/Shardone_7979eae973.webp"", ""prod-svoe-vino-strapi/prod-svoe-vino/strapi/uploads/Shardone_9b98fc620c.webp"", ""prod-svoe-vino-strapi/prod-svoe-vino/strapi/uploads/Shardone_ada18c9eae.webp"", ""prod-svoe-vino-strapi/prod-svoe-vino/strapi/uploads/Shardone_bc7a5932e5.webp"", ""prod-svoe-vino-strapi/prod-svoe-vino/strapi/uploads/Shardone_dc6ec8d1cb.webp"", ""prod-svoe-vino-strapi/prod-svoe-vino/strapi/uploads/Shardone_dd063700d2.webp"", ""prod-svoe-vino-strapi/prod-svoe-vino/strapi/uploads/large_Shardone_54bbd4df90.webp"", ""prod-svoe-vino-strapi/prod-svoe-vino/strapi/uploads/medium_Shardone_54bbd4df90.webp"", ""prod-svoe-vino-strapi/prod-svoe-vino/strapi/uploads/small_Shardone_54bbd4df90.webp"", ""prod-svoe-vino-strapi/prod-svoe-vino/strapi/uploads/thumbnail_Shardone_056d86321c.webp"", ""prod-svoe-vino-strapi/prod-svoe-vino/strapi/uploads/thumbnail_Shardone_54bbd4df90.webp"", ""prod-svoe-vino-strapi/prod-svoe-vino/strapi/uploads/thumbnail_Shardone_7979eae973.webp"", ""prod-svoe-vino-strapi/prod-svoe-vino/strapi/uploads/thumbnail_Shardone_9b98fc620c.webp"", ""prod-svoe-vino-strapi/prod-svoe-vino/strapi/uploads/thumbnail_Shardone_ada18c9eae.webp"", ""prod-svoe-vino-strapi/prod-svoe-vino/strapi/uploads/thumbnail_Shardone_bc7a5932e5.webp"", ""prod-svoe-vino-strapi/prod-svoe-vino/strapi/uploads/thumbnail_Shardone_dc6ec8d1cb.webp"", ""prod-svoe-vino-strapi/prod-svoe-vino/strapi/uploads/thumbnail_Shardone_dd063700d2.webp""]",shared by 2 slugs
merlo,Мерло,shared_photo_name,matched,мерло.webp,4,"[""prod-svoe-vino-strapi/prod-svoe-vino/strapi/uploads/merlo_89592556f7.webp"", ""prod-svoe-vino-strapi/prod-svoe-vino/strapi/uploads/merlo_d6c03313e4.webp"", ""prod-svoe-vino-strapi/prod-svoe-vino/strapi/uploads/thumbnail_merlo_89592556f7.webp"", ""prod-svoe-vino-strapi/prod-svoe-vino/strapi/uploads/thumbnail_merlo_d6c03313e4.webp""]",shared by 2 slugs
merlo-1,Мерло,shared_photo_name,matched,мерло.webp,4,"[""prod-svoe-vino-strapi/prod-svoe-vino/strapi/uploads/merlo_89592556f7.webp"", ""prod-svoe-vino-strapi/prod-svoe-vino/strapi/uploads/merlo_d6c03313e4.webp"", ""prod-svoe-vino-strapi/prod-svoe-vino/strapi/uploads/thumbnail_merlo_89592556f7.webp"", ""prod-svoe-vino-strapi/prod-svoe-vino/strapi/uploads/thumbnail_merlo_d6c03313e4.webp""]",shared by 2 slugs
