index,slug,predicted_slug,exact_slug_match,reference_image,http_status,status,reason,latency_ms,error
1,dva-serdtsa-arinarnoa-kaberne-sovinon-krasnoe-suhoe-135,dva-serdtsa-arinarnoa-kaberne-sovinon-krasnoe-suhoe-135,True,dva-serdtsa-arinarnoa-kaberne-sovinon-krasnoe-suhoe-135.webp,200,found,,265.155,
2,jd_winery_shardone,jd_winery_shardone,True,jd_winery_shardone.webp,200,found,,666.677,
3,inkermanskiy-zmv-inkerman-bryut-shardone-beloe-135,inkermanskiy-zmv-inkerman-bryut-shardone-beloe-135,True,inkermanskiy-zmv-inkerman-bryut-shardone-beloe-135.webp,200,found,,1234.317,
4,imenie-sikory-risling-sikory-beloe-suhoe-13,imenie-sikory-risling-sikory-beloe-suhoe-13,True,imenie-sikory-risling-sikory-beloe-suhoe-13.webp,200,found,,642.057,
5,villa-di-alma-kaberne-sovinon-ekstra-bryut-rozovoe-125,villa-di-alma-kaberne-sovinon-ekstra-bryut-rozovoe-125,True,villa-di-alma-kaberne-sovinon-ekstra-bryut-rozovoe-125.webp,200,found,,1116.468,
6,golubitskoe-estate-risling,golubitskoe-estate-risling,True,golubitskoe-estate-risling.webp,200,found,,286.587,
7,fanagoriya-dekanter-chardonnay-2020-shardone-beloe-suhoe-135,fanagoriya-dekanter-chardonnay-2020-shardone-beloe-suhoe-135,True,fanagoriya-dekanter-chardonnay-2020-shardone-beloe-suhoe-135.webp,200,found,,875.0,
8,soyuz-vino-kubanskoe-traditsionnoe-krasnoe-suhoe-07-krasnye-sorta-vinograda-11,soyuz-vino-kubanskoe-traditsionnoe-krasnoe-suhoe-07-krasnye-sorta-vinograda-11,True,soyuz-vino-kubanskoe-traditsionnoe-krasnoe-suhoe-07-krasnye-sorta-vinograda-11.webp,200,found,,319.786,
9,shato-pino-shary-kolduna-blash-pino-gri-rozovoe-suhoe-12,shato-pino-shary-kolduna-blash-pino-gri-rozovoe-suhoe-12,True,shato-pino-shary-kolduna-blash-pino-gri-rozovoe-suhoe-12.webp,200,found,,248.669,
10,vinodelnya-raevskoe-renessans-belyy-blend-risling-beloe-suhoe-121,vinodelnya-raevskoe-renessans-belyy-blend-risling-beloe-suhoe-121,True,vinodelnya-raevskoe-renessans-belyy-blend-risling-beloe-suhoe-121.webp,200,found,,253.341,
11,novyy-svet-dom-shampanskih-vin-rossiyskoe-shampanskoe-kollektsionnoe-bryut-beloe-novyy-svet-zolotoy-risling-suhoe-13,novyj-svet-zolotoj-risling,False,novyy-svet-dom-shampanskih-vin-rossiyskoe-shampanskoe-kollektsionnoe-bryut-beloe-novyy-svet-zolotoy-risling-suhoe-13.webp,200,retry,uncertain,397.591,
12,andryus-yutsis-organik-risling-beloe-suhoe-115,andryus-yutsis-organik-risling-beloe-suhoe-115,True,andryus-yutsis-organik-risling-beloe-suhoe-115.webp,200,found,,228.132,
13,vinodelnya-marchenko-merlo-krasnoe-suhoe-14,vinodelnya-marchenko-merlo-krasnoe-suhoe-14,True,vinodelnya-marchenko-merlo-krasnoe-suhoe-14.webp,200,found,,235.949,
14,vinodelnya-myshako-quintessence-vione-beloe-suhoe-128,vinodelnya-myshako-quintessence-vione-beloe-suhoe-128,True,vinodelnya-myshako-quintessence-vione-beloe-suhoe-128.webp,200,found,,250.74,
15,sober-bash-kumshatskiy-kumshatskiy-belyy-beloe-suhoe-11,sober-bash-kumshatskiy-kumshatskiy-belyy-beloe-suhoe-11,True,sober-bash-kumshatskiy-kumshatskiy-belyy-beloe-suhoe-11.webp,200,found,,247.843,
16,semeynaya-vinodelnya-mihaila-kolesnikova-ispanets-kaberne-sovinon-krasnoe-suhoe-148,semeynaya-vinodelnya-mihaila-kolesnikova-ispanets-kaberne-sovinon-krasnoe-suhoe-148,True,semeynaya-vinodelnya-mihaila-kolesnikova-ispanets-kaberne-sovinon-krasnoe-suhoe-148.webp,200,found,,1112.647,
17,vinodelnya-vedernikov-vedernikov-kaberne-sovinon-krasnoe-suhoe-145,vinodelnya-vedernikov-vedernikov-kaberne-sovinon-krasnoe-suhoe-145,True,vinodelnya-vedernikov-vedernikov-kaberne-sovinon-krasnoe-suhoe-145.webp,200,found,,320.02,
18,chateau-tamagne-nature-orange,chateau-tamagne-nature-orange,True,chateau-tamagne-nature-orange.webp,200,found,,441.568,
19,kuban-vino-shato-tamane-rezerv-merlo-limited-edishn-2018-krasnoe-suhoe-125,kuban-vino-shato-tamane-rezerv-merlo-limited-edishn-2018-krasnoe-suhoe-125,True,kuban-vino-shato-tamane-rezerv-merlo-limited-edishn-2018-krasnoe-suhoe-125.webp,200,found,,197.699,
20,alma-valley-kaberne-fran-krasnoe-suhoe-145,alma-valley-kaberne-fran-krasnoe-suhoe-145,True,alma-valley-kaberne-fran-krasnoe-suhoe-145.webp,200,found,,372.567,
21,fanagoriya-sur-lie-vi-vi-aligote-beloe-suhoe-125,fanagoriya-sur-lie-vi-vi-aligote-beloe-suhoe-125,True,fanagoriya-sur-lie-vi-vi-aligote-beloe-suhoe-125.webp,200,found,,762.246,
22,chateau-de-talu-uroki-frantsuzskogo-sovinon-blan-beloe-suhoe-115,chateau-de-talu-uroki-frantsuzskogo-sovinon-blan-beloe-suhoe-115,True,chateau-de-talu-uroki-frantsuzskogo-sovinon-blan-beloe-suhoe-115.webp,200,found,,1002.816,
23,shato-pino-agpoezdnik-beloe-shardone-suhoe-13,shato-pino-agpoezdnik-beloe-shardone-suhoe-13,True,shato-pino-agpoezdnik-beloe-shardone-suhoe-13.webp,200,found,,216.308,
24,stn-winery-wiess-risling-beloe-suhoe-12,stn-winery-wiess-risling-beloe-suhoe-12,True,stn-winery-wiess-risling-beloe-suhoe-12.webp,200,found,,213.764,
25,skalistyj-bereg-shepot-czvetov,skalistyj-bereg-shepot-czvetov,True,skalistyj-bereg-shepot-czvetov.webp,200,found,,272.083,
26,abrau-dyurso-abrau-estates-amurskiy-potapenko-krasnoe-suhoe-105,abrau-dyurso-abrau-estates-amurskiy-potapenko-krasnoe-suhoe-105,True,abrau-dyurso-abrau-estates-amurskiy-potapenko-krasnoe-suhoe-105.webp,200,found,,750.03,
27,aristov-kyuve-aleksandr-blan-de-nuar,aristov-kyuve-aleksandr-blan-de-nuar,True,aristov-kyuve-aleksandr-blan-de-nuar.webp,200,found,,600.009,
28,vinodelnya-myshako-quintessence-sovinon-blan-bryut-beloe-115,vinodelnya-myshako-quintessence-sovinon-blan-bryut-beloe-115,True,vinodelnya-myshako-quintessence-sovinon-blan-bryut-beloe-115.webp,200,found,,247.959,
29,vinodelnya-marko-merlo-krasnoe-suhoe-14,vinodelnya-marko-merlo-krasnoe-suhoe-14,True,vinodelnya-marko-merlo-krasnoe-suhoe-14.webp,200,found,,172.834,
30,vinodelnya-myshako-marselan-avtorskaya-tehnologiya-krasnoe-suhoe-144,vinodelnya-myshako-marselan-avtorskaya-tehnologiya-krasnoe-suhoe-144,True,vinodelnya-myshako-marselan-avtorskaya-tehnologiya-krasnoe-suhoe-144.webp,200,found,,213.989,
31,alma-valley-pino-blan-rezerv-beloe-suhoe-14,alma-valley-pino-blan-rezerv-beloe-suhoe-14,True,alma-valley-pino-blan-rezerv-beloe-suhoe-14.webp,200,found,,334.593,
32,nikolaev-i-synovya-pino-nuar-krasnoe-suhoe-125,nikolaev-i-synovya-pino-nuar-krasnoe-suhoe-125,True,nikolaev-i-synovya-pino-nuar-krasnoe-suhoe-125.webp,200,found,,1115.771,
33,aya-organic-wine-vineyards-purity-in-merlot-merlo-rozovoe-suhoe-134,aya-organic-wine-vineyards-purity-in-merlot-merlo-rozovoe-suhoe-134,True,aya-organic-wine-vineyards-purity-in-merlot-merlo-rozovoe-suhoe-134.webp,200,found,,297.576,
34,zhemchuzhnaya-9-pino-nuar-muskat-rozovyj-2,zhemchuzhnaya-9-pino-nuar-muskat-rozovyj-2,True,zhemchuzhnaya-9-pino-nuar-muskat-rozovyj-2.webp,200,found,,311.453,
35,lefkadiya-beloe,lefkadiya-beloe,True,lefkadiya-beloe.webp,200,found,,282.685,
36,nesterov-winery-rubin-golodrigi-krasnoe-suhoe-11,nesterov-winery-rubin-golodrigi-krasnoe-suhoe-11,True,nesterov-winery-rubin-golodrigi-krasnoe-suhoe-11.webp,200,found,,199.297,
37,usadba-rodnoe-gnezdo-4-elements-risling-beloe-suhoe-12,usadba-rodnoe-gnezdo-4-elements-risling-beloe-suhoe-12,True,usadba-rodnoe-gnezdo-4-elements-risling-beloe-suhoe-12.webp,200,found,,217.517,
38,chteau-le-grand-vostock-fagotine-pino-gri-rozovoe-polusladkoe-11,chteau-le-grand-vostock-fagotine-pino-gri-rozovoe-polusladkoe-11,True,chteau-le-grand-vostock-fagotine-pino-gri-rozovoe-polusladkoe-11.webp,200,found,,466.555,
39,soyuz-vino-soyuz-vino-shardone-beloe-polusladkoe-beg-in-boks-12,,False,soyuz-vino-soyuz-vino-shardone-beloe-polusladkoe-beg-in-boks-12.webp,200,retry,resolution,2.6,
40,agrolayn-mountain-eagle-white-blend-vione-beloe-suhoe-115,agrolayn-mountain-eagle-white-blend-vione-beloe-suhoe-115,True,agrolayn-mountain-eagle-white-blend-vione-beloe-suhoe-115.webp,200,found,,234.102,
41,usadba-perovskih-kaberne-sovinon-merlo-1890-krasnoe-suhoe-13,usadba-perovskih-kaberne-sovinon-merlo-1890-krasnoe-suhoe-13,True,usadba-perovskih-kaberne-sovinon-merlo-1890-krasnoe-suhoe-13.webp,200,found,,272.289,
42,belmas-winery-sauvignon-blanc-belmas-sovinon-blan-beloe-suhoe-13,belmas-winery-sauvignon-blanc-belmas-sovinon-blan-beloe-suhoe-13,True,belmas-winery-sauvignon-blanc-belmas-sovinon-blan-beloe-suhoe-13.webp,200,found,,289.545,
43,vinodelnya-berdyaeva-risling-beloe-polusuhoe-108,vinodelnya-berdyaeva-risling-beloe-polusuhoe-108,True,vinodelnya-berdyaeva-risling-beloe-polusuhoe-108.webp,200,found,,227.459,
44,soyuz-vino-lak-dazyur-ruzh-moellyo-belye-sorta-vinograda-krasnoe-polusladkoe-11,soyuz-vino-lak-dazyur-ruzh-moellyo-belye-sorta-vinograda-krasnoe-polusladkoe-11,True,soyuz-vino-lak-dazyur-ruzh-moellyo-belye-sorta-vinograda-krasnoe-polusladkoe-11.webp,200,found,,519.832,
45,soyuz-vino-gloriya-de-luna-rosso-semidolche-kaberne-sovinon-krasnoe-polusladkoe-11,soyuz-vino-gloriya-de-luna-rosso-semidolche-kaberne-sovinon-krasnoe-polusladkoe-11,True,soyuz-vino-gloriya-de-luna-rosso-semidolche-kaberne-sovinon-krasnoe-polusladkoe-11.webp,200,found,,267.79,
46,aratti-kaberne-sovinon-2020-krasnoe-suhoe,aratti-kaberne-sovinon-2020-krasnoe-suhoe,True,aratti-kaberne-sovinon-2020-krasnoe-suhoe.webp,200,found,,212.019,
47,fanagoriya-pelle-calda-saperavi-krasnoe-suhoe-155,fanagoriya-pelle-calda-saperavi-krasnoe-suhoe-155,True,fanagoriya-pelle-calda-saperavi-krasnoe-suhoe-155.webp,200,found,,898.629,
48,fioletovyj-rannij-petnat,fioletovyj-rannij-petnat,True,fioletovyj-rannij-petnat.webp,200,found,,403.263,
49,vinodelnya-myshako-quintessence-shtorm-merlo-krasnoe-sladkoe-147,vinodelnya-myshako-quintessence-shtorm-merlo-krasnoe-sladkoe-147,True,vinodelnya-myshako-quintessence-shtorm-merlo-krasnoe-sladkoe-147.webp,200,found,,321.532,
50,kuban-vino-saperavi-de-tamane-krasnoe-suhoe-125,kuban-vino-saperavi-de-tamane-krasnoe-suhoe-125,True,kuban-vino-saperavi-de-tamane-krasnoe-suhoe-125.webp,200,found,,195.312,
51,aromatnoe-shenen-blan-beloe-suhoe-13,aromatnoe-shenen-blan-beloe-suhoe-13,True,aromatnoe-shenen-blan-beloe-suhoe-13.webp,200,found,,1199.791,
52,vinodelnya-myshako-quintessence-storm-pino-nuar-beloe-suhoe-128,vinodelnya-myshako-quintessence-storm-pino-nuar-beloe-suhoe-128,True,vinodelnya-myshako-quintessence-storm-pino-nuar-beloe-suhoe-128.webp,200,found,,313.311,
53,abrau-dyurso-pino-nuar-krasnoe-suhoe-12,abrau-dyurso-pino-nuar-krasnoe-suhoe-12,True,abrau-dyurso-pino-nuar-krasnoe-suhoe-12.webp,200,found,,1167.889,
54,vinodelnya-myshako-sira-marselan-kyuve-krasnoe-suhoe-136,vinodelnya-myshako-sira-marselan-kyuve-krasnoe-suhoe-136,True,vinodelnya-myshako-sira-marselan-kyuve-krasnoe-suhoe-136.webp,200,found,,240.351,
55,vinodelnya-vedernikov-gubernatorskiy-rezerv-krasnoe-kaberne-sovinon-suhoe-14,vinodelnya-vedernikov-gubernatorskiy-rezerv-krasnoe-kaberne-sovinon-suhoe-14,True,vinodelnya-vedernikov-gubernatorskiy-rezerv-krasnoe-kaberne-sovinon-suhoe-14.webp,200,found,,281.29,
56,v2r-risling-risling-reynskiy-beloe-suhoe-122,v2r-risling-risling-reynskiy-beloe-suhoe-122,True,v2r-risling-risling-reynskiy-beloe-suhoe-122.webp,200,found,,311.114,
57,belbek-kaberne-sovinon-krasnoe-suhoe-138,belbek-kaberne-sovinon-krasnoe-suhoe-138,True,belbek-kaberne-sovinon-krasnoe-suhoe-138.webp,200,found,,257.796,
58,usadba-mezyb-usadba-mezyb-merlo-krasnoe-suhoe-15,usadba-mezyb-usadba-mezyb-merlo-krasnoe-suhoe-15,True,usadba-mezyb-usadba-mezyb-merlo-krasnoe-suhoe-15.webp,200,found,,892.134,
59,alma-valley-shiraz-sira-rezerv-krasnoe-suhoe-14,alma-valley-shiraz-sira-rezerv-krasnoe-suhoe-14,True,alma-valley-shiraz-sira-rezerv-krasnoe-suhoe-14.webp,200,found,,349.488,
60,sober-bash-dostoynyy-krasnoe-suhoe-14,sober-bash-dostoynyy-krasnoe-suhoe-14,True,sober-bash-dostoynyy-krasnoe-suhoe-14.webp,200,found,,187.51,
61,agora-muskat,agora-muskat,True,agora-muskat.webp,200,found,,337.805,
62,cantiani-saperavi-merlot,cantiani-saperavi-merlot,True,cantiani-saperavi-merlot.webp,200,found,,597.496,
63,sober-bash-hihvi-beloe-suhoe-15,sober-bash-hihvi-amfora-beloe-suhoe-14,False,sober-bash-hihvi-beloe-suhoe-15.webp,200,retry,uncertain,420.226,
64,cosaque-krasnaya-gorka,cosaque-krasnaya-gorka,True,cosaque-krasnaya-gorka.webp,200,found,,629.017,
65,v2r-roze-kaberne-sovinon-rozovoe-polusuhoe-13,v2r-roze-kaberne-sovinon-rozovoe-polusuhoe-13,True,v2r-roze-kaberne-sovinon-rozovoe-polusuhoe-13.webp,200,found,,270.591,
66,abrau-dyurso-victor-dravigny-krasnoe-polusladkoe-kaberne-sovinon-125,abrau-dyurso-victor-dravigny-krasnoe-polusladkoe-kaberne-sovinon-125,True,abrau-dyurso-victor-dravigny-krasnoe-polusladkoe-kaberne-sovinon-125.webp,200,found,,283.025,
67,zhemchuzhnaya-9-sovinon-blan-aligote,zhemchuzhnaya-9-sovinon-blan-aligote,True,zhemchuzhnaya-9-sovinon-blan-aligote.webp,200,found,,246.272,
68,leto-kollekcziya-leta-2020-suhoe-beloe-1,leto-kollekcziya-leta-2020-suhoe-beloe-1,True,leto-kollekcziya-leta-2020-suhoe-beloe-1.webp,200,found,,877.51,
69,vibes-glera-col-fondo-2022,vibes-glera-col-fondo-2022,True,vibes-glera-col-fondo-2022.webp,200,found,,877.381,
70,agrolayn-mountain-eagle-chardonnay-shardone-beloe-suhoe-12,agrolayn-mountain-eagle-chardonnay-shardone-beloe-suhoe-12,True,agrolayn-mountain-eagle-chardonnay-shardone-beloe-suhoe-12.webp,200,found,,236.086,
71,vinodelnya-raevskoe-parfyum-de-terruar-ruzh-tempranilo-krasnoe-suhoe-13,vinodelnya-raevskoe-parfyum-de-terruar-ruzh-tempranilo-krasnoe-suhoe-13,True,vinodelnya-raevskoe-parfyum-de-terruar-ruzh-tempranilo-krasnoe-suhoe-13.webp,200,found,,244.677,
72,usadba-mezyb-shishka-sovinon-blan-beloe-suhoe-12,usadba-mezyb-shishka-sovinon-blan-beloe-suhoe-12,True,usadba-mezyb-shishka-sovinon-blan-beloe-suhoe-12.webp,200,found,,1483.84,
73,derbent-vino-graf-vorontsov-bryut-rozovoe-pervenets-magaracha-105-125,derbent-vino-graf-vorontsov-bryut-rozovoe-pervenets-magaracha-105-125,True,derbent-vino-graf-vorontsov-bryut-rozovoe-pervenets-magaracha-105-125.webp,200,found,,843.446,
74,belbek-belbek-kaberne-fran-krasnoe-suhoe-13,belbek-belbek-kaberne-fran-krasnoe-suhoe-13,True,belbek-belbek-kaberne-fran-krasnoe-suhoe-13.webp,200,found,,337.576,
75,kaffa-joy-malbec-glu-glu,kaffa-joy-malbec-glu-glu,True,kaffa-joy-malbec-glu-glu.webp,200,found,,378.54,
76,imenie-sikory-sovinon-blan-semeynyy-rezerv-beloe-suhoe-13,imenie-sikory-sovinon-blan-semeynyy-rezerv-beloe-suhoe-13,True,imenie-sikory-sovinon-blan-semeynyy-rezerv-beloe-suhoe-13.webp,200,found,,690.125,
77,valeriy-zaharin-tangovoe-manto-sovinon-sovinon-blan-beloe-suhoe-125,valeriy-zaharin-tangovoe-manto-sovinon-sovinon-blan-beloe-suhoe-125,True,valeriy-zaharin-tangovoe-manto-sovinon-sovinon-blan-beloe-suhoe-125.webp,200,found,,265.084,
78,fanagoriya-dekanter-merlo-2018-krasnoe-suhoe-14,fanagoriya-dekanter-merlo-2018-krasnoe-suhoe-14,True,fanagoriya-dekanter-merlo-2018-krasnoe-suhoe-14.webp,200,found,,805.263,
79,vinodelnya-marchenko-svezhiy-veter-mtsvane-mtsvane-kahetinskiy-beloe-suhoe-135,vinodelnya-marchenko-svezhiy-veter-mtsvane-mtsvane-kahetinskiy-beloe-suhoe-135,True,vinodelnya-marchenko-svezhiy-veter-mtsvane-mtsvane-kahetinskiy-beloe-suhoe-135.webp,200,found,,241.583,
80,nesterov-winery-saperavi-krasnoe-suhoe-135,nesterov-winery-saperavi-krasnoe-suhoe-135,True,nesterov-winery-saperavi-krasnoe-suhoe-135.webp,200,found,,223.777,
81,villa-di-alma-pti-verdo-krasnoe-suhoe-125,villa-di-alma-pti-verdo-krasnoe-suhoe-125,True,villa-di-alma-pti-verdo-krasnoe-suhoe-125.webp,200,found,,1089.845,
82,vinodelnya-marko-vione-beloe-suhoe-12,vinodelnya-marko-vione-beloe-suhoe-12,True,vinodelnya-marko-vione-beloe-suhoe-12.webp,200,found,,281.997,
83,soyuz-vino-konfessa-pino-gridzhio-beloe-polusladkoe-11,soyuz-vino-konfessa-pino-gridzhio-beloe-polusladkoe-11,True,soyuz-vino-konfessa-pino-gridzhio-beloe-polusladkoe-11.webp,200,found,,264.944,
84,belbek-belbek-pino-nuar-krasnoe-suhoe-13,belbek-belbek-pino-nuar-krasnoe-suhoe-13,True,belbek-belbek-pino-nuar-krasnoe-suhoe-13.webp,200,found,,365.398,
85,chateau-de-talu-uroki-frantsuzskogo-krasnostop-krasnostop-anapskiy-krasnoe-suhoe-145,chateau-de-talu-uroki-frantsuzskogo-krasnostop-krasnostop-anapskiy-krasnoe-suhoe-145,True,chateau-de-talu-uroki-frantsuzskogo-krasnostop-krasnostop-anapskiy-krasnoe-suhoe-145.webp,200,found,,211.608,
86,vinodelnya-myshako-kaberne-myshako-grand-rezerv-kaberne-sovinon-krasnoe-suhoe-125,vinodelnya-myshako-kaberne-myshako-grand-rezerv-kaberne-sovinon-krasnoe-suhoe-125,True,vinodelnya-myshako-kaberne-myshako-grand-rezerv-kaberne-sovinon-krasnoe-suhoe-125.webp,200,found,,246.164,
87,belbek-rkatsiteli-beloe-suhoe-13,belbek-rkatsiteli-beloe-suhoe-13,True,belbek-rkatsiteli-beloe-suhoe-13.webp,200,found,,280.265,
88,soyuz-vino-kanonicheskie-traditsii-krasnoe-polusladkoe-kaberne-sovinon-115,soyuz-vino-kanonicheskie-traditsii-krasnoe-polusladkoe-kaberne-sovinon-115,True,soyuz-vino-kanonicheskie-traditsii-krasnoe-polusladkoe-kaberne-sovinon-115.webp,200,found,,293.609,
89,perovskih_kokur_orange,perovskih_kokur_orange,True,perovskih_kokur_orange.webp,200,found,,400.725,
90,gunko-winery-blanc-de-blancs-shardone-beloe-bryut-12,gunko-winery-blanc-de-blancs-shardone-beloe-bryut-12,True,gunko-winery-blanc-de-blancs-shardone-beloe-bryut-12.webp,200,found,,234.324,
91,esse-saperavi-krasnoe-suhoe-13,esse-saperavi-krasnoe-suhoe-13,True,esse-saperavi-krasnoe-suhoe-13.webp,200,found,,221.026,
92,fanagoriya-alveus-ultra-cuvee-brut-shardone-beloe-bryut-12,fanagoriya-alveus-ultra-cuvee-brut-shardone-beloe-bryut-12,True,fanagoriya-alveus-ultra-cuvee-brut-shardone-beloe-bryut-12.webp,200,found,,506.014,
93,sober-bash-kaberne-fran-krasnoe-suhoe-127,sober-bash-kaberne-fran-krasnoe-suhoe-127,True,sober-bash-kaberne-fran-krasnoe-suhoe-127.webp,200,found,,274.768,
94,solnechnaya-dolina-meganom-kyuve-shardone-beloe-bryut-11,solnechnaya-dolina-meganom-kyuve-shardone-beloe-bryut-11,True,solnechnaya-dolina-meganom-kyuve-shardone-beloe-bryut-11.webp,200,found,,1118.547,
95,vinodelnya-myshako-sovinon-blan-blanc-out-beloe-suhoe-138,vinodelnya-myshako-sovinon-blan-blanc-out-beloe-suhoe-138,True,vinodelnya-myshako-sovinon-blan-blanc-out-beloe-suhoe-138.webp,200,found,,275.379,
96,viktor-stashko-kaberne-fran-krasnoe-suhoe-145,viktor-stashko-kaberne-fran-krasnoe-suhoe-145,True,viktor-stashko-kaberne-fran-krasnoe-suhoe-145.webp,200,found,,1026.475,
97,shato-pino-grand-reserve-cabernet-franc-kaberne-fran-krasnoe-suhoe-135,shato-pino-grand-reserve-cabernet-franc-kaberne-fran-krasnoe-suhoe-135,True,shato-pino-grand-reserve-cabernet-franc-kaberne-fran-krasnoe-suhoe-135.webp,200,found,,231.58,
98,shato-taman-par-la-mer-sovinon,shato-taman-par-la-mer-sovinon,True,shato-taman-par-la-mer-sovinon.webp,200,found,,511.697,
99,soyuz-vino-kubanskoe-traditsionnoe-beloe-suhoe-07-belye-sorta-vinograda-11,soyuz-vino-kubanskoe-traditsionnoe-beloe-suhoe-07-belye-sorta-vinograda-11,True,soyuz-vino-kubanskoe-traditsionnoe-beloe-suhoe-07-belye-sorta-vinograda-11.webp,200,found,,347.837,
100,mancopia-saperavi,mancopia-saperavi,True,mancopia-saperavi.webp,200,found,,402.496,
