slug,selected_archive_path,decision,reason,note
agora-muskat,prod-svoe-vino-strapi/prod-svoe-vino/strapi/uploads/Agora_Muskat_4030bf4725.webp,matched,manual visual verification,representative original from identical-label candidates
arie-vyderzhka-bochka-francziya-2020,prod-svoe-vino-strapi/prod-svoe-vino/strapi/uploads/Arie_2020_KFB_742c588475.webp,matched,manual visual verification,representative original from identical-label candidates
grand-jete-blanc-de-blancs,prod-svoe-vino-strapi/prod-svoe-vino/strapi/uploads/output_img_021_ecc606d2a1.webp,matched,manual visual verification,clearer Grand Jete candidate
grand-jete-cuvee,prod-svoe-vino-strapi/prod-svoe-vino/strapi/uploads/output_img_023_118c0b2ab7.webp,matched,manual visual verification,representative original from identical-label candidates
magnatum-blanc-de-blancs,prod-svoe-vino-strapi/prod-svoe-vino/strapi/uploads/2_8fdb34dcf3.webp,matched,manual visual verification,only candidate showing Magnatum bottle
mancopia-kaberne-sovinon,prod-svoe-vino-strapi/prod-svoe-vino/strapi/uploads/Kaberne_Sovinon_cecaa1f694.webp,matched,manual visual verification,only Mancopia Cabernet candidate
vibes-silvaner-barrel-fermented-2022,prod-svoe-vino-strapi/prod-svoe-vino/strapi/uploads/03_Silvaner_2022_Barrel_Fermented_01addc1e7f.webp,matched,manual visual verification,shared photo-name candidate
vibes-vermentino-viognier-barrel-fermented-2022,prod-svoe-vino-strapi/prod-svoe-vino/strapi/uploads/03_Silvaner_2022_Barrel_Fermented_01addc1e7f.webp,matched,manual visual verification,shared photo-name candidate retained intentionally
aratti-shardone-beloe-suhoe,prod-svoe-vino-strapi/prod-svoe-vino/strapi/uploads/Shardone_dc6ec8d1cb.webp,matched,manual visual verification,ARATTI Chardonnay label
balaklava-muskat,prod-svoe-vino-strapi/prod-svoe-vino/strapi/uploads/Muskat_308550f676.webp,matched,manual visual verification,Balaklava Muscat bottle
balaklava-pino-nuar,prod-svoe-vino-strapi/prod-svoe-vino/strapi/uploads/Pino_Nuar_c7e769ab8f.webp,matched,manual visual verification,Balaklava Pinot Noir bottle
bryut-rozovoe-zolotaya-balka,prod-svoe-vino-strapi/prod-svoe-vino/strapi/uploads/Bryut_rozovoe_011797b8f0.webp,matched,manual visual verification,identical-label candidate group
bukovinka,prod-svoe-vino-strapi/prod-svoe-vino/strapi/uploads/Screenshot_10_a566dcdabb.webp,matched,manual visual verification,Tabia Bukovinka bottle
b-yu-rne-krasnostop-suhoe-krasnoe-classic,prod-svoe-vino-strapi/prod-svoe-vino/strapi/uploads/Krasnostop_2024_Classic_png_4f712da54f.webp,matched,manual visual verification,matching B-Yu-RNE Classic label
b-yu-rne-pino-gri-beloe-suhoe,prod-svoe-vino-strapi/prod-svoe-vino/strapi/uploads/Pino_Gri_2024_png_075e66412a.webp,matched,manual visual verification,matching B-Yu-RNE label
vysokij-bereg-risling-zelenaya-seriya-1,prod-svoe-vino-strapi/prod-svoe-vino/strapi/uploads/VB_ZS_Igristoe_Monro_075_Normal_100b782b23.webp,matched,manual visual verification,High Coast Riesling label
glera-manno,prod-svoe-vino-strapi/prod-svoe-vino/strapi/uploads/Screenshot_2_66036870aa.webp,matched,manual visual verification,Manno Glera bottle
kaberne-sovinon-2,prod-svoe-vino-strapi/prod-svoe-vino/strapi/uploads/Screenshot_19_081d41ebac.webp,matched,manual visual verification,Tabia Cabernet bottle
krasnostop-zolotovskij,prod-svoe-vino-strapi/prod-svoe-vino/strapi/uploads/krasnostop_cca9e0b43e.webp,matched,manual visual verification,matching Krasnostop label
lesnaya-proseka,prod-svoe-vino-strapi/prod-svoe-vino/strapi/uploads/Screenshot_4_7c7945f9a9.webp,matched,manual visual verification,bottle candidate
merlo,prod-svoe-vino-strapi/prod-svoe-vino/strapi/uploads/merlo_d6c03313e4.webp,matched,manual visual verification,Galitsky Merlo label
merlo-1,prod-svoe-vino-strapi/prod-svoe-vino/strapi/uploads/merlo_89592556f7.webp,matched,manual visual verification,Mantra Estate Merlo label
oleg,prod-svoe-vino-strapi/prod-svoe-vino/strapi/uploads/Screenshot_9_78adaf4455.webp,matched,manual visual verification,Tabia bottle candidate
pino-nuar,prod-svoe-vino-strapi/prod-svoe-vino/strapi/uploads/pino_nuar_4915dc36a6.webp,matched,manual visual verification,Galitsky Pinot Noir label
pobeda,prod-svoe-vino-strapi/prod-svoe-vino/strapi/uploads/Screenshot_7_53531eb2bc.webp,matched,manual visual verification,Tabia Pobeda bottle
pozdnij-sbor-beloe,prod-svoe-vino-strapi/prod-svoe-vino/strapi/uploads/Screenshot_21_049bbb796f.webp,matched,manual visual verification,bottle candidate
pozdnij-sbor-krasnoe,prod-svoe-vino-strapi/prod-svoe-vino/strapi/uploads/Screenshot_22_1b291bec0e.webp,matched,manual visual verification,bottle candidate
polusladkoe-beloe-zolotaya-balka,prod-svoe-vino-strapi/prod-svoe-vino/strapi/uploads/Polusladkoe_beloe_323cec4f4f.webp,matched,manual visual verification,identical-label candidate group
polusladkoe-krasnoe-zb-vajn-frizzante,prod-svoe-vino-strapi/prod-svoe-vino/strapi/uploads/Frizante_krasnoe_polusladkoe_67706f9516.webp,matched,manual visual verification,identical-label candidate group
polusladkoe-krasnoe-zolotaya-balka,prod-svoe-vino-strapi/prod-svoe-vino/strapi/uploads/Polusladkoe_krasnoe_09d1ac765c.webp,matched,manual visual verification,identical-label candidate group
polusuhoe-beloe-zolotaya-balka,prod-svoe-vino-strapi/prod-svoe-vino/strapi/uploads/Polusuhoe_beloe_2e5a2512bf.webp,matched,manual visual verification,identical-label candidate group
polusuhoe-rozovoe-zb-vajn-frizzante,prod-svoe-vino-strapi/prod-svoe-vino/strapi/uploads/ZB_Frizzante_Rose_Semidry_7ffea30caf.webp,matched,manual visual verification,identical-label candidate group
risling-1,prod-svoe-vino-strapi/prod-svoe-vino/strapi/uploads/Screenshot_11_a9d7c8f8df.webp,matched,manual visual verification,Tabia Riesling bottle
risling,prod-svoe-vino-strapi/prod-svoe-vino/strapi/uploads/risling_86f49d6fb2.webp,matched,manual visual verification,Galitsky Riesling label
roze-2,prod-svoe-vino-strapi/prod-svoe-vino/strapi/uploads/Screenshot_17_6d600742f0.webp,matched,manual visual verification,Tabia rose bottle
rozovoe-zoloto,prod-svoe-vino-strapi/prod-svoe-vino/strapi/uploads/Screenshot_16_a237793391.webp,matched,manual visual verification,Tabia rose-gold bottle
rubin-golodrigi,prod-svoe-vino-strapi/prod-svoe-vino/strapi/uploads/Screenshot_18_1109114bb0.webp,matched,manual visual verification,Tabia Rubin bottle
rustok-glera-ru-140,prod-svoe-vino-strapi/prod-svoe-vino/strapi/uploads/Screenshot_3_dce2afc6e1.webp,matched,manual visual verification,Rootstock Glera bottle
sovinon-blan-krasnaya-gorka,prod-svoe-vino-strapi/prod-svoe-vino/strapi/uploads/sov_blan_c03a466980.webp,matched,manual visual verification,Galiсky Sauvignon Blanc label
suhoe-beloe-zb-vajn-frizzante,prod-svoe-vino-strapi/prod-svoe-vino/strapi/uploads/Frizante_beloe_suhoe_1efeefdc54.webp,matched,manual visual verification,identical-label candidate group
czitronnyj-magaracha,prod-svoe-vino-strapi/prod-svoe-vino/strapi/uploads/Screenshot_20_74ce4e5bae.webp,matched,manual visual verification,Tabia Citron bottle
shardone-balaklava,prod-svoe-vino-strapi/prod-svoe-vino/strapi/uploads/Shardone_056d86321c.webp,matched,manual visual verification,Balaklava Chardonnay bottle
igristoe-vino-endemy-bianka-bryut-beloe,prod-svoe-vino-strapi/prod-svoe-vino/strapi/uploads/Endemy_Bianka_09f648c08e.webp,matched,manual visual verification,matching Endemy label
igristoe-vino-endemy-pino-blan-bryut-beloe,prod-svoe-vino-strapi/prod-svoe-vino/strapi/uploads/Endemy_Pino_Blan_8bad757c21.webp,matched,manual visual verification,matching Endemy label
cantiani-aligote-riesling,prod-svoe-vino-strapi/prod-svoe-vino/strapi/uploads/Cantiani_Alig_Riesl_New_vid_042025_kopiya_fotor_bg_remover_20260821205234_286ee15115.webp,matched,manual filename and image verification,filename and label match Cantiani Aligote Riesling
cantiani-cabernet-sauvignon,prod-svoe-vino-strapi/prod-svoe-vino/strapi/uploads/Cantiani_Caber_Sauv_vid_042024_Photoroom_1_66428f821f.webp,matched,manual filename and image verification,identical CRC duplicate exists under another name
cantiani-riesling-rkatsiteli,prod-svoe-vino-strapi/prod-svoe-vino/strapi/uploads/Cantiani_Riesl_Rkats_New_vid_042025_kopiya_9745bc157c.webp,matched,manual filename and image verification,filename and label match Cantiani Riesling Rkatsiteli
chateau-tamagne-nature-orange,prod-svoe-vino-strapi/prod-svoe-vino/strapi/uploads/Sh_T_NATURE_0_75_2024gu_Normal_Orange_88fb104a59.webp,matched,manual filename and image verification,filename and label match Nature Orange
chateau-tamagne-nature-vert,prod-svoe-vino-strapi/prod-svoe-vino/strapi/uploads/Sh_T_Vert_295ed64be6.webp,matched,manual filename and image verification,filename and label match Nature Vert
chateau-tamagne-signature-kaberne,prod-svoe-vino-strapi/prod-svoe-vino/strapi/uploads/Sh_T_Signature_Cabernet_23_7c2ad72860.webp,matched,manual filename and image verification,filename and label match Signature Cabernet
chateau-tamagne-signature-saperavi,prod-svoe-vino-strapi/prod-svoe-vino/strapi/uploads/Sh_T_Signature_Saperavi_23_417cbfd691.webp,matched,manual filename and image verification,filename and label match Signature Saperavi
chateau-tamagne-signature-shardone,prod-svoe-vino-strapi/prod-svoe-vino/strapi/uploads/Sh_T_Signature_Chardonnay_23_6422e66a6f.webp,matched,manual filename and image verification,source photo specifies 23
golubitskoe-estate-chardonnay,prod-svoe-vino-strapi/prod-svoe-vino/strapi/uploads/Pomeste_Golubiczkoe_Chardonnay_fc05cb08e0.webp,matched,manual filename and image verification,filename and label match Chardonnay
golubitskoe-estate-risling,prod-svoe-vino-strapi/prod-svoe-vino/strapi/uploads/Pomeste_Golubiczkoe_Risling_02c2e84311.webp,matched,manual filename and image verification,source-like filename and Riesling label
leto-kaberne-fran-2021-suhoe-krasnoe,prod-svoe-vino-strapi/prod-svoe-vino/strapi/uploads/Kaberne_Fran_rezerv_2021_12ff9ab8f8.webp,matched,manual filename and image verification,LETO Cabernet Franc 2021 bottle
leto-kollekcziya-vinodela-2020-suhoe-krasnoe,prod-svoe-vino-strapi/prod-svoe-vino/strapi/uploads/Kollekcziya_vinodela_e3dfd5dd5b.webp,matched,manual filename and image verification,LETO Collection Winemaker bottle
leto-kollekcziya-leta-2020-suhoe-beloe,prod-svoe-vino-strapi/prod-svoe-vino/strapi/uploads/Kollekcziya_leta_beloe_2020_3bc15b4ff4.webp,matched,manual filename and image verification,LETO Collection Summer white bottle
leto-kollekcziya-leta-2020-suhoe-beloe-1,prod-svoe-vino-strapi/prod-svoe-vino/strapi/uploads/VINO_suhoe_rozovoe_KOLLEK_Cz_I_Ya_LETA_05a35835db.webp,matched,manual filename and image verification,LETO Collection Summer rose bottle
leto-kollekcziya-leta-kupazh-2021-suhoe-beloe,prod-svoe-vino-strapi/prod-svoe-vino/strapi/uploads/Vino_suhoe_beloe_KOLLEK_Cz_I_Ya_LETA_KUPA_Zh_0ee86a0a33.webp,matched,manual filename and image verification,LETO Collection Summer blend white bottle
leto-kollekcziya-leta-kupazh-2023-suhoe-krasnoe,prod-svoe-vino-strapi/prod-svoe-vino/strapi/uploads/Vino_suhoe_krasnoe_KOLLEK_Cz_I_Ya_LETA_KUPA_Zh_46f3db9eb1.webp,matched,manual filename and image verification,LETO Collection Summer blend red bottle
millstream-cellar-rezerv-blend-4,prod-svoe-vino-strapi/prod-svoe-vino/strapi/uploads/Milstrim_Sellar_Cellar_Blend_4_suhoe_krasnoe_b6bf6ca178.webp,matched,manual filename and image verification,filename and label match Cellar Blend 4
aristov-anima-millesimato,prod-svoe-vino-strapi/prod-svoe-vino/strapi/uploads/Aristov_Anima_milezimiato_bryut_4a887b783f.webp,matched,manual filename and image verification,filename and bottle label match Millesimato
aristov-anima-pinot-grigio-blush,prod-svoe-vino-strapi/prod-svoe-vino/strapi/uploads/kuban_vino_aristov_anima_pino_gridzhio_blash_rozovoe_suhoe_125_c6ac2c7f10.webp,matched,manual filename and image verification,filename and bottle label match Pinot Grigio Blush
aristov-kyuve-aleksandr-blan-de-blan,prod-svoe-vino-strapi/prod-svoe-vino/strapi/uploads/Aristov_Kyuve_ekstra_bryut_Blan_de_Blan_18_MESI_2022_GU_Normal_fcdb509a54.webp,matched,manual filename and image verification,filename and label match Blanc de Blanc
aristov-kyuve-aleksandr-blan-de-nuar,prod-svoe-vino-strapi/prod-svoe-vino/strapi/uploads/Aristov_Kyuve_ekstra_bryut_Blan_de_Nuar_18_MESI_2022_GU_Normal_4a2bea6a3e.webp,matched,manual filename and image verification,filename and label match Blanc de Noir
belaya-lvicza,prod-svoe-vino-strapi/prod-svoe-vino/strapi/uploads/Bel_Lviczv_920970caba.webp,matched,manual filename and image verification,filename and label match Belaya Lvicza
vinodelnya-byurne-kaberne-sovinon-krasnoe-suhoe-135,prod-svoe-vino-strapi/prod-svoe-vino/strapi/uploads/vinodelnya_byurne_kaberne_sovinon_krasnoe_suhoe_135_012f5369e6.webp,matched,manual filename and image verification,filename and title match Byurne Cabernet Sauvignon
vinodelnya-byurne-kaberne-fran-krasnoe-suhoe-135,prod-svoe-vino-strapi/prod-svoe-vino/strapi/uploads/vinodelnya_byurne_kaberne_fran_krasnoe_suhoe_135_e644d95928.webp,matched,manual filename and image verification,filename and title match Byurne Cabernet Franc
vysokij-bereg-czvajgelt,prod-svoe-vino-strapi/prod-svoe-vino/strapi/uploads/Vysokij_bereg_Czvajgelt_8c439c9f75.webp,matched,manual filename and image verification,filename and label match Zweigelt
igristoe-vino-bryut-beloe-di-kaspiko-blan-de-blan-di-caspico-blanc-de-blancs,prod-svoe-vino-strapi/prod-svoe-vino/strapi/uploads/DI_CASPICO_Bd_B_b6d5b9772a.webp,matched,manual filename and image verification,source photo basename matches BdB
igristoe-vino-bryut-rozovoe-di-kaspiko-blan-de-nuar-di-caspico-blanc-de-noirs,prod-svoe-vino-strapi/prod-svoe-vino/strapi/uploads/DI_CASPICO_Bd_N_b64caa3e83.webp,matched,manual filename and image verification,source photo basename matches BdN
derbent-vino-desono-rkatsiteli-oranzh-beloe-suhoe-125,prod-svoe-vino-strapi/prod-svoe-vino/strapi/uploads/Desono_Rkacziteli_orandzh_a572c088a4.webp,matched,manual filename and image verification,source-like filename and identical Desono label
zhemchuzhnaya-9-aligote-czitron,prod-svoe-vino-strapi/prod-svoe-vino/strapi/uploads/Aligote_Czitron_bel_suh_1cc2763d35.webp,matched,manual filename and image verification,filename and label match Aligote Citron
czitronnyj-magaracha-sovinon-blan,prod-svoe-vino-strapi/prod-svoe-vino/strapi/uploads/Czitron_Sovinon_p_suh_f07f1d8280.webp,matched,manual filename and image verification,filename and label match Citron Sauvignon
zhemchuzhnaya-9-czitron-shardone-1,prod-svoe-vino-strapi/prod-svoe-vino/strapi/uploads/Czitron_Shard_p_sl_b94274915f.webp,matched,manual filename and image verification,filename and label match Citron Chardonnay
igristoe-krasnoe-sladkoe-czimlyanskoe,prod-svoe-vino-strapi/prod-svoe-vino/strapi/uploads/Igristoe_krasnoe_sladkoe_Czimlyanskoe_ea86054adf.webp,matched,manual filename and image verification,filename and label match Czimlyanskoe
krasnostop-shato-taman,prod-svoe-vino-strapi/prod-svoe-vino/strapi/uploads/Sh_T_Molodoe_2025_igristoe_Normal_Krasnostop_22827aa941.webp,matched,manual filename and image verification,source photo basename and rose label match
kyuve-czimlyanskij-chernyj-i-krasnostop-zolotoj,prod-svoe-vino-strapi/prod-svoe-vino/strapi/uploads/Czimlyanskoe_kyuve_krasnoe_krasnostop_i_czimlyanskij_chernyj_d1e86bb6b6.webp,matched,manual filename and image verification,filename and label match Kyuve
muskat-pozdnego-sbora-rozovyj,prod-svoe-vino-strapi/prod-svoe-vino/strapi/uploads/massandra_muskat_rozovyy_pozdnego_sbora_rozovoe_sladkoe_10_543ccac814.webp,matched,manual filename and image verification,filename and label match pink late harvest Muscat
muskat-avtorskoe-vino,prod-svoe-vino-strapi/prod-svoe-vino/strapi/uploads/Massandra_Muskat_94b702fe3b.webp,matched,manual filename and image verification,source-like Massandra Muscat filename
muskatnoe-shato-taman,prod-svoe-vino-strapi/prod-svoe-vino/strapi/uploads/Sh_T_Molodoe_2025_igristoe_Normal_Muskat_24e7ba1069.webp,matched,manual filename and image verification,source photo basename and label match
novyj-svet-vyderzhannoe-bryut,prod-svoe-vino-strapi/prod-svoe-vino/strapi/uploads/novyy_svet_dom_shampanskih_vin_rossiyskoe_shampanskoe_vyderzhannoe_bryut_beloe_novyy_svet_shardone_125_360e04943f.webp,matched,manual filename and image verification,style grape and winery match
novyj-svet-polusuhoe-kollekczionnoe,prod-svoe-vino-strapi/prod-svoe-vino/strapi/uploads/novyy_svet_dom_shampanskih_vin_rossiyskoe_shampanskoe_kollektsionnoe_polusuhoe_beloe_novyy_svet_shardone_13_564818e214.webp,matched,manual filename and image verification,style grape and winery match
novyj-svet-aligote,prod-svoe-vino-strapi/prod-svoe-vino/strapi/uploads/novyy_svet_dom_shampanskih_vin_rossiyskoe_shampanskoe_vyderzhannoe_ekstra_bryut_beloe_novyy_svet_aligote_13_8866e4a13c.webp,matched,manual filename and image verification,filename and label match Aligote
novyj-svet-blan-de-nuar,prod-svoe-vino-strapi/prod-svoe-vino/strapi/uploads/novyy_svet_dom_shampanskih_vin_rossiyskoe_shampanskoe_kollektsionnoe_ekstra_bryut_beloe_novyy_svet_blan_de_nuar_pino_nuar_13_c8e5d77c41.webp,matched,manual filename and image verification,filename and label match Blanc de Noir
novyj-svet-zolotoj-risling,prod-svoe-vino-strapi/prod-svoe-vino/strapi/uploads/novyy_svet_dom_shampanskih_vin_rossiyskoe_shampanskoe_kollektsionnoe_bryut_beloe_novyy_svet_zolotoy_risling_suhoe_13_f6818826f9.webp,matched,manual filename and image verification,filename and label match Golden Riesling
novyj-svet-kaberne,prod-svoe-vino-strapi/prod-svoe-vino/strapi/uploads/novyy_svet_dom_shampanskih_vin_rossiyskoe_shampanskoe_vyderzhannoe_bryut_rozovoe_novyy_svet_kaberne_kaberne_sovinon_11_7a22643210.webp,matched,manual filename and image verification,rose category and Cabernet match
novyj-svet-kaberne-sovinon,prod-svoe-vino-strapi/prod-svoe-vino/strapi/uploads/novyy_svet_dom_shampanskih_vin_igristoe_vino_vyderzhannoe_bryut_krasnoe_novyy_svet_kaberne_sovinon_135_c251fa3c04.webp,matched,manual filename and image verification,red category and Cabernet Sauvignon match
novyj-svet-kaberne-sovinon-polusladkoe,prod-svoe-vino-strapi/prod-svoe-vino/strapi/uploads/novyy_svet_dom_shampanskih_vin_igristoe_vino_vyderzhannoe_polusladkoe_krasnoe_novyy_svet_kaberne_sovinon_12_fd0d395f6b.webp,matched,manual filename and image verification,style and grape match
novyj-svet-paradizio,prod-svoe-vino-strapi/prod-svoe-vino/strapi/uploads/novyy_svet_dom_shampanskih_vin_rossiyskoe_shampanskoe_kollektsionnoe_bryut_beloe_novyy_svet_paradizio_shardone_125_de1ec3a166.webp,matched,manual filename and image verification,filename and label match Paradizio
novyj-svet-pino-gri-millezim,prod-svoe-vino-strapi/prod-svoe-vino/strapi/uploads/novyy_svet_dom_shampanskih_vin_rossiyskoe_shampanskoe_kollektsionnoe_bryut_beloe_novyy_svet_kyuve_de_prestizh_pino_gri_millezim_rozovoe_125_04f220ac39.webp,matched,manual filename and image verification,filename and rose label match Pino Grigio Millezim
novyj-svet-risling-kyuve-de-prestizh,prod-svoe-vino-strapi/prod-svoe-vino/strapi/uploads/novyy_svet_dom_shampanskih_vin_rossiyskoe_shampanskoe_kollektsionnoe_ekstra_bryut_beloe_novyy_svet_risling_kyuve_de_prestizh_125_ba5ae8b9d4.webp,matched,manual filename and image verification,filename and label match Riesling Kyuve
novyj-svet-shardone-kyuve-de-prestizh,prod-svoe-vino-strapi/prod-svoe-vino/strapi/uploads/novyy_svet_dom_shampanskih_vin_rossiyskoe_shampanskoe_kollektsionnoe_ekstra_bryut_beloe_novyy_svet_kyuve_de_prestizh_shardone_125_622aabc99e.webp,matched,manual filename and image verification,filename and label match Chardonnay Kyuve
novyj-svet-shardone-kyuve-de-prestizh-1,prod-svoe-vino-strapi/prod-svoe-vino/strapi/uploads/novyy_svet_dom_shampanskih_vin_rossiyskoe_shampanskoe_kollektsionnoe_ekstra_bryut_beloe_novyy_svet_kyuve_de_prestizh_shardone_125_622aabc99e.webp,matched,manual filename and image verification,same target title and candidate retained for duplicate product
denisov_pet_nat_citron_rkaciteli,prod-svoe-vino-strapi/prod-svoe-vino/strapi/uploads/PETNAT_Czitron_Rkacziteli_prozrachnaya_2_2a66431961.webp,matched,manual filename and image verification,filename and label match Denisov Pet-Nat
pino-gri-avtorskoe,prod-svoe-vino-strapi/prod-svoe-vino/strapi/uploads/massandra_vino_avtorskoe_pino_gri_beloe_suhoe_12_bf2039c511.webp,matched,manual filename and image verification,filename and title match Massandra Pino Gri
potenczial-2026,prod-svoe-vino-strapi/prod-svoe-vino/strapi/uploads/Potenczial_672c03625e.webp,matched,manual filename and image verification,only archive image with matching Potenczial name
risling-shato-taman,prod-svoe-vino-strapi/prod-svoe-vino/strapi/uploads/Sh_T_Molodoe_2025_igristoe_Normal_Risling_42217577a3.webp,matched,manual filename and image verification,source photo basename and label match
perovskih_rkaciteli_orange,prod-svoe-vino-strapi/prod-svoe-vino/strapi/uploads/Rkacziteli_oranzh_2024_ddce7657ea.webp,matched,manual filename and image verification,filename and orange Rkatsiteli label match
czimlyanskoe-beloe-bryut,prod-svoe-vino-strapi/prod-svoe-vino/strapi/uploads/Czimlyanskoe_beloe_bryut_7d785ea2e3.webp,matched,manual filename and image verification,filename and style match
czimlyanskoe-beloe-polusladkoe,prod-svoe-vino-strapi/prod-svoe-vino/strapi/uploads/Czimlyanskoe_beloe_polusladkoe_5c7026a82e.webp,matched,manual filename and image verification,filename and style match
czimlyanskoe-bianka,prod-svoe-vino-strapi/prod-svoe-vino/strapi/uploads/Czimlyanskoe_Bianka_beloe_04a59b0f1e.webp,matched,manual filename and image verification,filename and label match Bianka
czimlyanskoe-risling,prod-svoe-vino-strapi/prod-svoe-vino/strapi/uploads/Czimlyanskoe_Risling_cea1a80937.webp,matched,manual filename and image verification,filename and label match Riesling
chernaya-lvicza-polusladkoe-krasnoe,prod-svoe-vino-strapi/prod-svoe-vino/strapi/uploads/Chernaya_Lvicza_d00f4b1f84.webp,matched,manual filename and image verification,filename and label match Chernaya Lvicza
shardone-akacziya,prod-svoe-vino-strapi/prod-svoe-vino/strapi/uploads/shardone_akacziya_a57018f101.webp,matched,manual filename and image verification,filename and title match Chardonnay Acacia
shato-taman-bryut,prod-svoe-vino-strapi/prod-svoe-vino/strapi/uploads/Sh_T_Igristoe_0_75_l_2024gu_Normal_Bryut_Beloe_1312c070e0.webp,matched,manual filename and image verification,filename and white Brut style match
shato-taman-bryut-1,prod-svoe-vino-strapi/prod-svoe-vino/strapi/uploads/Sh_T_Igristoe_0_75_l_2024gu_Normal_Bryut_Rozvoe_aa44c75092.webp,matched,manual filename and image verification,filename and rose Brut style match
shato-taman-polusladkoe,prod-svoe-vino-strapi/prod-svoe-vino/strapi/uploads/Sh_T_Igristoe_0_75_l_2024gu_Normal_Beloe_Polusl_59c8d1f2c5.webp,matched,manual filename and image verification,filename and white semisweet style match
shato-taman-grape-dance,prod-svoe-vino-strapi/prod-svoe-vino/strapi/uploads/Sh_T_Grape_Dance_blanc_2021_fadfb6ea87.webp,matched,manual filename and image verification,filename and white label match
shato-taman-grape-dance-1,prod-svoe-vino-strapi/prod-svoe-vino/strapi/uploads/Sh_T_Grape_Dance_rose_2021_284abe2f5b.webp,matched,manual filename and image verification,filename and rose label match
shato-taman-kaberne,prod-svoe-vino-strapi/prod-svoe-vino/strapi/uploads/2024gu_Normal_Sh_T_Kaberne_suhoe_krasnoe_0_75_4e3842e06a.webp,matched,manual filename and image verification,filename and red Cabernet style match
shato-taman-kaberne-sovinon,prod-svoe-vino-strapi/prod-svoe-vino/strapi/uploads/2024gu_Normal_Sh_T_Kaberene_Sovinon_suh_roz_burgundiya_0_75_44046e83c9.webp,matched,manual filename and image verification,source photo specifies rose Burgundy 0.75
shato-taman-krasnostop,prod-svoe-vino-strapi/prod-svoe-vino/strapi/uploads/2024gu_Normal_Sh_T_Krasnostop_suhoe_krasnoe_0_75_99318c8e15.webp,matched,manual filename and image verification,filename and red label match
shato-taman-par-la-mer-korall,prod-svoe-vino-strapi/prod-svoe-vino/strapi/uploads/Sh_T_Par_La_Mer_Roze_suh_2024_GU_Normal_83f76a1685.webp,matched,manual filename and image verification,filename and Coral rose label match
shato-taman-par-la-mer-pino-blan,prod-svoe-vino-strapi/prod-svoe-vino/strapi/uploads/Sh_T_Par_La_Mer_igristoe_brut_5ff54a7dda.webp,matched,manual filename and image verification,source photo basename matches sparkling Brut
shato-taman-par-la-mer-pino-nuar,prod-svoe-vino-strapi/prod-svoe-vino/strapi/uploads/Sh_T_Par_La_Mer_igristoe_brut_rose_9659a53999.webp,matched,manual filename and image verification,source photo basename and rose label match
shato-taman-par-la-mer-sovinon,prod-svoe-vino-strapi/prod-svoe-vino/strapi/uploads/Sh_T_Par_La_Mer_Beloe_suh_2024_GU_Normal_717117b640.webp,matched,manual filename and image verification,source photo basename and Sauvignon label match
shato-taman-par-la-mer-czvajgelt,prod-svoe-vino-strapi/prod-svoe-vino/strapi/uploads/Sh_T_Par_La_Mer_kras_suh_2024_GU_Normal_5e97b7a0a0.webp,matched,manual filename and image verification,source photo basename and red label match
shato-taman-saperavi,prod-svoe-vino-strapi/prod-svoe-vino/strapi/uploads/2024gu_Normal_Sh_T_Saperavi_suhoe_krasnoe_0_75_4b0f666d71.webp,matched,manual filename and image verification,filename and red Saperavi label match
shato-taman-shardone,prod-svoe-vino-strapi/prod-svoe-vino/strapi/uploads/2024gu_Normal_Sh_T_Shardone_suhoe_beloe_0_75_a190db1db4.webp,matched,manual filename and image verification,source photo specifies dry white 0.75
mantra-estate-sira-roze-rozovoe-suhoe-12,prod-svoe-vino-strapi/prod-svoe-vino/strapi/uploads/mantra_estate_sira_roze_rozovoe_suhoe_12_21663d62d5.webp,matched,manual filename and image verification,filename and title match Mantra Estate Sira Rose
skalistyj-bereg-shepot-czvetov,prod-svoe-vino-strapi/prod-svoe-vino/strapi/uploads/Skalistyj_bereg_shepot_czvetov_belyj_e9d550f01e.webp,matched,manual filename and image verification,only archive image with matching product title
